YEARS,SEAP,EEWA,AJNZ,AFRC,MDEA,LAMC,NAMC,EAAS,SOAS,EURO,WORLD,TAS
2006,298.7536865347268,272.23091258314145,294.34450825626254,297.61580044838524,296.0116923603756,295.36037530109724,273.8579497931051,279.5693348672085,295.7697785219755,281.9099451888553,286.8946554687822,287.5604043223387
2007,298.854143425892,272.597020648554,294.3604499333534,297.5809489455331,295.2814899905412,295.25264448682435,273.7918824147513,279.392211423243,295.13860698019664,282.89096358994044,286.9005479264312,287.5837056666119
2008,298.8408062784545,272.90404781901697,294.5466729257667,297.9584163298555,295.8268067531383,295.6804373066363,273.7945563076027,279.8796316896369,295.64010775719123,282.4336519341284,287.17234946299675,287.7772445550315
2009,298.93853836600846,272.1099779632216,294.29934151930956,298.23973675803063,295.97931900516573,295.92198047494725,274.29590434604944,280.04338052706737,295.8019120877662,282.1489600239085,287.22355206908645,287.86910585740253
2010,299.1635995152383,272.35147705424987,294.9498440017713,298.55480042784575,295.60618305258146,296.0733661816972,274.9632795956149,280.22832602774594,295.8025621487813,282.7667831281996,287.53892863306197,287.93065499027364
2011,299.1210066943319,272.37400617380405,294.72742302619724,297.9263038912534,295.99773476264744,295.5598569757695,274.35494315443003,280.20948372518177,295.87122599156527,283.18478512133754,287.24633374452316,287.7889545393619
2012,299.1172773879537,272.3671577307147,294.52175377143084,298.16187748034173,296.2844793130062,295.72765426727074,273.9296544856597,281.12910826762817,296.0105162137128,283.04983811100516,287.33044578447823,287.77004491613127
2013,299.2897759767342,272.1037064723845,294.6388992137037,298.316019704484,296.02898582080604,295.9113413482657,274.08886746929284,280.3429871629023,296.04398899357346,282.608065647545,287.29546208877935,287.7702389862809
2014,298.99885918734884,272.5161207882447,294.42546184699387,297.97043639655976,295.74154810887353,295.55418938403994,273.65494704514964,280.54812126501486,296.50540028857904,282.8633165055912,287.1725958211447,287.62309198202536
2015,298.9828228167835,273.95957804033645,294.83931775284725,298.3420542789389,295.95231046682477,295.75743480231586,274.0806768850912,279.8667054479052,295.5690268128111,282.7458433829441,287.5252817518475,287.91402760649885
2016,299.29704575960136,273.59983820945587,294.93415647982715,298.3655601064615,296.0801848441447,296.1585287388802,274.9690192962247,279.68413143945287,295.1771546398958,283.54571236462374,287.70121624719206,288.1351719412595
2017,299.49432628119627,273.2901849736234,294.9448004247519,298.8572095463647,296.26677894059577,296.316475679174,275.33999172416276,279.9746343336413,296.04493387977965,282.6948406142825,287.8783846201387,288.1870153424998
2018,299.29526946408953,272.6438887768927,295.3402149738534,298.3801493996053,295.93158910212577,296.10629202094054,274.8369809420296,279.89364510596994,295.8199211442548,282.42639770668524,287.53211956819825,287.99928693179316
2019,299.3013138238552,273.45828330798906,294.6655129684391,298.5918916354371,296.4766625480364,296.06062784282824,274.859522404958,280.27585336156886,296.23805112316705,283.1969098897187,287.7692131980489,288.13416876166815
2020,299.4885206816166,271.98951768470863,295.35503166204705,298.8634399527745,296.5633176497454,296.114420367713,274.18186086277785,280.61599121979884,296.5295694110797,282.0274059470188,287.53318544803693,288.0479316612207
2021,299.17289167201915,273.3837769505155,295.1167913256648,298.38115571024196,296.0462520715147,295.66278771235943,274.06979734377103,281.1081005979629,296.34458672384073,283.30214480047096,287.6090385422476,287.99392160442363
2022,299.2958759429159,272.82201358603453,294.75844334460385,298.3893913251855,295.6739030883639,296.13667067127085,274.9376703507189,280.2020215803091,295.8600024832961,282.64324943261266,287.5743799098385,288.0585814290505
2023,299.48282776858935,273.1309947342526,295.749783905271,298.8811741200032,296.9957944855397,296.21506144311184,274.5472811429258,280.86778054742604,296.7789370023646,283.1003112212197,287.91448224510407,288.16460978131073
2024,299.1271202348285,273.565714426503,295.15745941984585,298.53698891345766,296.6256563150511,295.86901698977704,274.6718224816833,280.40967627222284,296.2260949301771,282.7070884453705,287.73466694280023,288.0890217342349
2025,299.3193939468458,274.42728001504867,295.215707095484,298.7062414869765,296.81770567436655,296.0326792141399,274.47981614338534,280.72763025075864,296.224484584868,283.56227326747177,287.98946216850635,288.2390957462308
2026,299.6085674791027,272.94347037517537,295.4591292428678,298.88267341944163,296.83624353838707,296.55057329534077,275.0740243825529,280.8637774855363,296.3556668739001,282.8795811047499,287.9734096634511,288.31106090873635
2027,299.66462686717637,272.7455195519056,295.4884140861151,298.8426833582189,296.3741005591312,296.4827267963149,275.4659285635254,280.4793067165393,296.50317416479925,283.2779596165016,287.9608151885757,288.2831112729887
2028,299.56917566248654,273.31316940055456,295.21727381824155,298.69353235471715,296.53789326037395,296.21169386253547,275.15205126158287,281.39621728329126,296.4207461700326,284.2442277379685,288.0303952721076,288.30395852742674
2029,299.61543668663813,273.8314712010315,295.4207132618425,298.6526051991268,296.9528295866067,296.15878071077384,274.8080948326601,281.21189426502383,296.71466025585346,283.94913946741764,288.05630038040493,288.3453065169947
2030,299.7443034957351,273.38497723808837,295.5132847062794,298.9396802294803,296.849926116514,296.5005680051654,275.1286131434383,280.5712610926148,296.3353538858516,283.6505879959283,288.0765134705066,288.4323527073706
2031,299.7876142940387,273.35477443015986,295.58902205895765,299.21935900229465,297.18727302466687,296.741538688431,274.92166819955446,281.3039943661811,297.41705748664594,283.46758055585263,288.25129888105266,288.53949984536354
2032,300.24820475321275,273.73131536664465,295.74932193961314,299.37575218556833,297.01424043642334,296.91820506565676,275.0838857711059,281.5092241848655,297.2748374585372,283.9920151365494,288.4553660464132,288.6975523620896
2033,299.7405023006468,273.62164608128757,295.4016727384377,298.9959045489701,296.2842594190728,296.3367433330372,275.6728798815252,281.18077313621484,296.40795876622775,283.503568164339,288.2069956081396,288.49948593699224
2034,300.0227962683459,273.20920065685624,295.5993365256446,299.04557300674446,297.03091397575554,296.6192701551453,274.9302176605994,281.5063131709326,297.02738902383146,283.45790286807284,288.1765966822367,288.6067088812139
2035,300.13118427399985,274.84417886180796,295.1651062044704,299.3034023330282,297.10755191904826,296.806955989104,274.7755400992429,281.6722750932812,296.9043892230568,284.7523438945007,288.5504821897498,288.7852386590755
2036,300.0368122598822,274.2131139191725,295.8827447046081,299.5084441271448,297.4473126245541,296.7410158494124,275.0080836624031,282.09888334901456,297.57309383247355,284.06188998076766,288.60504314668304,288.8132272805668
2037,299.907589954175,274.30175837996956,295.51966098778087,299.2106814403584,297.1193672803483,296.61810050055266,275.8066365348575,281.5616696349981,296.9627018871707,284.1564154918049,288.55678468175637,288.74867520580676
2038,300.0664206367301,273.5578535735109,295.8214873794485,299.5071300544258,297.09630199142646,296.8000442127973,276.19393120931073,281.11167835247267,297.1774067049627,283.7553568678287,288.5677541704775,288.7499447915797
2039,300.0561873715331,273.1848511129434,296.21198633902674,299.63264435284776,297.5882279387807,296.90298043918557,275.58845202642067,282.12899170590026,297.46655369304386,283.48560738178355,288.58185087262234,288.7389816987301
2040,300.30419973964365,274.0332393324687,296.20016356314375,299.20942077084186,296.6281063977025,296.6968403755097,274.85781284155877,281.17720062071476,297.142533562782,284.70729646888697,288.41159668857364,288.7172036491608
2041,300.14617302243903,274.68806265042605,295.96600323945285,299.4223729383272,297.3334627001281,296.9424768843272,275.50591744016833,281.8142375178279,297.18531708092576,284.93836412833446,288.77749078895295,288.8912884204542
2042,300.13387061174615,275.1445138096205,296.0455233459061,299.5605010726852,297.73050053961344,297.08971693080497,275.76716683059465,281.7862911530844,297.0992497040835,284.1041331469641,288.924313835909,288.9893655939151
2043,300.4038468711786,275.8090071427007,295.7673534585431,299.8155995336089,297.3340549702755,297.1948018467431,275.50828999940427,281.9638887478489,297.2826788867405,284.5287980378014,289.08240718822407,289.21633744107805
2044,300.5759049250269,274.67917314062737,295.8142121309387,300.14652426077095,297.58839705853455,297.6609769490848,277.0644205375151,282.66274782867873,298.2565540249229,283.96464418337075,289.3790987221032,289.4025943976315
2045,300.63165382483953,274.8298276781146,296.1388675231865,300.24496691443335,298.45749435420845,297.6224742316166,276.44211673831234,282.74113932789606,298.32959514976807,285.0220074204153,289.43255949493664,289.3982068785576
2046,300.56750890027814,274.2572833229496,296.31593581740105,299.954488749106,298.1363310702918,297.11980100952553,276.4656796291038,282.5279275313693,298.1174061590966,284.4867026460949,289.1484241291839,289.20231797788006
2047,300.466826293786,275.3238293041208,296.3088734736983,299.81698323695167,298.3383780145025,297.24378765609345,276.09917209808225,282.5102283158649,297.7031678883341,285.14858836967846,289.26782046730693,289.24333517909054
2048,300.5391688809067,275.92287295115807,296.3878695575589,300.09319420187245,298.3057398541077,297.5969714196998,276.7657393024164,282.61556466947013,298.1968739000574,285.25546506032543,289.6248747940899,289.41823154307554
2049,300.9070967437703,275.2012333864645,296.95217057668646,300.3559972814378,298.1557907864694,297.80852287141204,277.29922887446594,282.4576865929815,297.8166828427061,285.1376668642046,289.6932159545253,289.52588703202724
2050,300.8137561070175,275.51639711043845,296.56889106810047,300.200582315754,297.8618625368214,297.68640073225697,276.5247807356063,282.01955507826494,297.54993052542426,285.07071912077464,289.4804982605901,289.4623685394704
2051,300.8298880951571,274.3362018291697,296.57904573055464,300.30470308321514,297.9209929464987,297.5356525227024,276.21126848014677,282.6457483222754,298.33729439475457,284.02311687749614,289.2785276400016,289.34338282716067
2052,300.80784855772845,275.28131639812176,296.45700661023346,300.25448020514807,298.1739551085106,297.6434378444211,276.7799624033355,282.336480230672,298.10358062895574,284.95365179398596,289.5350384250544,289.51258154469275
2053,301.0062793493954,274.89983132477016,296.7782540176638,300.4383411430481,298.193477676172,297.77469047556275,277.34900868781114,282.5786841910992,298.1951808260036,284.52100689339676,289.6569468014406,289.6561465989512
2054,300.92583570641654,275.2611030294864,296.1829419078167,300.85872111635064,298.5556813900317,297.9864472199892,277.6694449734104,282.4910648244953,298.5790474254508,285.0593051618856,289.89736980466034,289.72093471743534
2055,301.02500297210076,275.29438012865336,296.93239539689347,300.7015494432185,298.63759671674416,297.9612169696401,276.9656999493423,282.5584231823959,298.6995627036685,285.18037810759324,289.82137044911343,289.72331401945286
2056,301.16922535099377,275.7884642301368,297.5427213094512,300.70512763437654,298.52141109414106,298.31232424185487,277.0418274030436,282.608030119986,298.0361160367361,285.92147264666755,290.0187498777489,289.88082099498786
2057,301.04712768775266,275.8624714520714,296.69277117801596,300.5559354860741,298.92103437058023,298.08608489443077,276.8808506985291,283.1345720059288,298.9353482738478,285.6743280703193,289.9623268070903,289.7978926193185
2058,301.1500361335509,275.588360741204,297.5482791173553,300.8606340725393,299.0558410669334,298.18861313081055,277.95139364683513,282.66285447474615,298.4390678874607,285.76667442862055,290.1790860678326,289.9613710185814
2059,301.22392363920335,275.32666572138515,297.3842251453681,300.8637578452864,298.5434263845823,298.0105984156006,277.14377612103766,283.08270147941414,298.6325433856362,285.65527007547615,289.9924651929828,289.86534775794553
2060,301.0489834095653,276.47084061842753,297.3250776556785,300.7654898501532,298.9540812578525,297.92079180530965,277.2781871114282,283.28923830263494,298.46933346708755,285.71589172242994,290.18377704326986,289.85562562997643
2061,301.3124863218603,274.93696071376456,297.26290669532256,300.7131136386463,298.7107255151062,298.2080150919001,276.841560691864,283.06709248954286,298.96251377105375,285.4823442665715,289.8833791922661,289.8518045959154
2062,301.34324591926,276.0604158910709,297.26265881754483,301.08485708990133,299.19911250083976,298.40935129151063,276.9795473782844,283.09181601256057,298.8114842992713,285.87953245966526,290.23574703255264,290.0712513454317
2063,301.6701904239047,275.68488934428177,298.00837299407783,301.2442818795739,298.7277008613315,298.48579959452917,278.3504871064835,282.6521435990908,298.99987883921324,285.3647209331381,290.42704778918824,290.23396659548547
2064,301.4752735669448,276.76312384425006,297.35551254850793,300.93042175551426,299.26979158195354,298.21816178783695,277.08645255675316,283.73232848222005,299.7286744552285,286.6320488458943,290.4375490244146,290.16803313645767
2065,301.4272634574435,277.2055550988039,297.4514726238708,301.2588232833011,299.16247372803497,298.5853867282253,277.92042670656355,283.4855830608858,298.9466955322824,286.2388741446687,290.70396099984976,290.32653225523046
2066,301.7015112128526,276.6681535643329,297.9416331493904,301.3282368947288,299.55318781660156,298.7105417521723,278.40242976713375,283.83637821664354,299.5525776951165,286.47829236147226,290.84554274565573,290.42872810318244
2067,301.6451222876185,276.26562416223493,297.7107363282227,301.1677595226075,299.7150242534078,298.6785212990291,278.31209610284503,284.12045780471266,299.27918593119404,286.26744680405363,290.71892091944625,290.34818503201535
2068,301.78670429518525,276.3647011203844,298.1249623065018,301.46769331515,299.79119016924733,298.89614377981104,277.6952444442034,283.9855335345455,299.5190504823139,286.08124124550136,290.76137456675366,290.41721515796826
2069,301.837032896547,277.1949898484203,297.7690547980989,301.7791537050796,299.75604661290487,299.1279620230787,278.960637498212,284.1951985021362,299.73295015281235,286.11901356106824,291.2073727562954,290.6659803881827
2070,301.9664513556395,276.7356160415323,298.158376956833,301.5789344993661,300.10283747166125,299.0771237723072,278.9237326651734,284.4513575772182,299.99239529503717,286.42918367270073,291.1612395961025,290.69024928098924
2071,301.856491749955,276.8456102205833,297.8495139897612,301.36145354649415,300.1360185773275,298.77371417944727,278.1646694641065,284.1804763595449,299.83773893773235,286.5515149058201,290.9190234251746,290.59584246840626
2072,302.0347366256412,276.8521861077187,298.128146210286,301.48643975141084,299.2915564262561,298.77125286738203,278.46692608240454,284.0868679400989,299.16083427029156,286.2247832875996,290.9394003812436,290.63422646991296
2073,302.24190199050014,277.01599308072383,298.2750576103218,302.0774245837187,299.52005577534464,299.58747248048667,279.20141826189564,284.00328853297265,299.373497838199,285.93291909340223,291.35297975980114,290.89626379698694
2074,302.28727559616823,277.50930921692867,298.48807836113775,302.45856930436,300.53682525667705,299.4152848540589,278.9952110523123,284.3912177321581,300.06520146691855,287.03975924449236,291.6204574837947,290.95166976806837
2075,302.17455290591073,277.13378460535694,298.12093262684294,301.8454674241222,299.8584710756203,299.0664382818861,278.7538635775569,284.40205335273646,299.67019659558923,286.7900689999876,291.2527359833866,290.749959848825
2076,302.0730752259605,277.8899072080176,298.3374541892245,302.02220469488464,300.59926615968936,299.22674382465567,278.6763140188574,284.8869701583874,300.37505995925153,287.1145100207085,291.54696799318793,290.9125389754988
2077,302.214106417141,279.4556849772671,298.32384722446454,302.3355863940438,300.73763899556,299.48067732114015,278.89902060264444,284.89161621286587,300.4275483101708,287.54004997527085,291.9767494795009,291.10292608754764
2078,302.25517155184974,278.79186272277093,297.9427207930735,302.17876969962845,300.25391699133013,299.4242901428592,279.22181077970305,284.979868406233,299.79346850884366,288.7332230236842,291.8708641351664,291.12290530434046
2079,302.5504278089992,278.3144018172228,298.74096084545346,302.35446194330433,301.0611726493061,299.7237933512982,278.7601980875794,285.64890189004865,300.74518562505193,287.90397221240505,291.95219895012366,291.1815153925933
2080,302.40064700459084,277.3977015495329,298.4497416623524,302.3882347958201,300.74093834056924,299.6242864557152,279.6576007288525,285.4273293185956,300.5470126347681,287.2051964130829,291.84472401414916,291.0841254890546
2081,302.29349967041867,278.17852806572677,298.7735688276614,302.03217899868554,300.34720818386825,299.61880821028177,279.4245872567343,284.6304069157022,300.166694634416,287.05880868416153,291.7683875047429,291.1087099725875
2082,302.5351850052717,278.2493052626903,299.0254674789817,302.33944812590835,300.93750638903776,299.6463586895409,279.08711228889905,285.64818747719136,300.45515078921017,288.098507605409,291.9880363487841,291.20749084352894
2083,302.59700510636884,278.9175114813008,298.63375439908873,302.89515465335484,301.04622864609684,300.31076747336795,279.36903020294193,285.26002770550963,300.47651650388065,287.9075858920497,292.3093888158465,291.4718780882472
2084,303.09971628410193,277.66062245655587,299.2561408965687,303.5745219565987,301.1732404976295,300.59137439380464,279.4223045088694,285.35120192730506,300.7252665379977,287.1426140167599,292.353726790074,291.6938292587995
2085,302.98812709197426,278.38373680321286,299.35023182044245,303.02993819780477,301.1444410168937,300.21906170355754,279.9213363697085,285.44296385605173,301.07675509752113,287.3632050267573,292.40288154953873,291.5963058435628
2086,302.84487422235514,278.3218570189177,299.03687827282243,302.7146183917985,301.3748388918201,300.0200333814133,280.0960619675645,284.7419406750704,300.3402252704459,287.3653359273894,292.21752214620807,291.494853419923
2087,302.800930508799,280.0271266457074,299.12055703818896,303.09699731903845,301.38882048578114,300.22808788278957,279.69423389173954,285.88374246990867,301.14999687812144,288.1288809308127,292.71213583435934,291.6613116552722
2088,302.8732405096689,278.55289451933805,298.87379928711425,302.9942310501517,301.43375393124984,300.45576489742604,279.51349727351055,285.60645991750556,300.73904972937515,287.5566921074917,292.3807330030428,291.593897557953
2089,302.9861847717128,278.943237985351,299.1084650959824,302.95151722935316,301.35442088423605,300.344899839311,280.12618429784516,285.6370313532295,300.95759208211564,287.8660221331363,292.5547514604045,291.6595700284639
2090,303.2271960527881,278.85222216517866,299.14057099498007,303.14197332724444,301.56050933524233,300.5317926795799,279.79144275793624,285.3729636069517,301.4411035067994,287.5066288623508,292.5574361306319,291.7809963293119
2091,303.3534165793762,278.2007294112179,299.2994481955544,303.1886217050456,301.12963478644036,300.46009802169164,280.5397552983132,285.7549291749504,301.1337675131569,287.78541525192077,292.59966470886167,291.79093354673046
2092,303.1329171981546,278.32440760302575,299.352733809685,303.8473735627407,302.180754625929,300.78718240513285,279.7998085472632,286.3660213553876,301.3677539843484,287.8479277332947,292.7981542642183,291.90353251358886
2093,303.0780291697982,278.46739827329446,299.5041343792687,303.20402551112323,302.05468288089827,300.43975015813413,279.955727885621,286.5236488071314,301.5956177606254,287.77661208635556,292.67029350317097,291.8270975258365
2094,303.2243078260406,278.3941167586545,299.79025148837445,303.43420209203975,301.8051496965003,300.92280256665686,279.8945882946166,285.7093140857328,301.19859494788847,287.47550392300303,292.69153561136903,291.9697385111764
2095,303.36657538704674,279.4052609090362,299.47617260024094,303.4784615896283,301.86470116923056,301.06730706035694,280.6606889757869,286.06817445105764,301.6045914383058,288.8158800922403,293.1011572076651,292.14249472131314
2096,303.5869936902205,280.06924701467153,299.62789421541345,304.0106856549713,302.4642990123932,301.28702125309775,281.0590280562136,285.9207320668937,301.84481611836696,289.12593015569513,293.4758808519825,292.39075544085233
2097,303.6248130391128,279.52161828571343,299.7517398684878,304.0201985567208,302.31382633656136,301.310957362184,280.8083463458283,286.4899738731952,301.7192063457278,288.6547276421112,293.3783346353725,292.3914020233867
2098,303.5743319266194,279.8847489769176,299.67989115038125,304.0281575607537,302.2482904824193,301.10516984278854,280.66808001186513,286.38555819864104,301.577213183473,288.6808536541475,293.36386698806064,292.32755940716805
2099,303.8188603882831,280.39676831669806,300.17600655136454,303.9099863291497,302.2760788837487,301.271511587521,281.066595066651,287.0989093217256,301.8440235345164,289.10521611629986,293.6383829999644,292.44354677828574
2100,303.6742515602701,280.0173057729267,299.6654119596076,303.9486147592854,302.58183413392504,301.13332999398335,280.462646905316,286.88292778913484,302.1198706194996,288.4515206542452,293.40700742526377,292.41855321437885
2101,303.88576460614973,280.42948014819666,300.43753851395076,304.31561000771154,302.72444505283323,301.5159452663595,280.9897369706122,287.2451313049102,302.2194481209763,287.87284944758727,293.7680931083931,292.56192613146806
2102,303.8196591679483,280.49008897384874,300.60213172613953,304.3124847889412,302.8509359329244,301.42270051421934,280.7627305755813,286.9521794567048,302.17537473152123,289.12034830257534,293.76816141055593,292.52333888274717
2103,303.8435779361333,279.56234475810857,300.2495221026424,304.1857104809029,303.1770844342953,301.1979624228596,280.96604700973614,287.4623247627601,302.17798583803125,288.2664846904068,293.5834432176922,292.4120018889467
2104,303.8591416763,280.1323760085989,300.51494498257864,304.04796405188256,303.0366022664376,301.4322201022645,280.5360806517407,287.4413775143779,302.27376365472634,288.98194903268137,293.6580202569869,292.5345626686175
2105,304.0516455866045,280.08286905552774,300.7370510785445,303.9127962099126,302.10211961739725,301.37502416722583,281.5013321591592,286.96821931721706,302.0480125049788,289.2483371386467,293.71232263654787,292.60785014291673
2106,304.0337567894252,280.4447086013566,300.482545645385,304.40136264000677,302.5510276276527,301.67733141056465,280.6050032664766,286.8360706538646,301.9512815277176,289.35111803509676,293.77552618252537,292.6721439027552
2107,303.94716961361064,280.9719519533725,300.46410071258134,304.7498112242247,303.52770780028817,301.76432598910066,281.3142100539751,287.6415281725726,302.78939199035943,289.18133334727014,294.18932389979017,292.851833681752
2108,303.9752525836733,280.02244162773604,300.2918235149415,304.26188152603356,302.77108861932965,301.5338537992974,281.0794633000422,287.200996898949,302.1461892649414,288.6362205683344,293.7296829220575,292.62075095018275
2109,303.97301397979726,280.55704546164196,300.3301900882877,304.16768435696815,302.97503215777954,301.4018925099164,281.17052314424734,287.83353576169407,302.71482642052854,288.5023700110031,293.8683942829036,292.68702520063874
2110,304.0420448175894,280.5124682445798,300.87577220478533,304.4805717897461,303.25548933009225,301.6145745242321,281.37295718285,287.25399646602494,302.2248128585295,288.99870040217945,293.99783087490897,292.7715552062063
2111,303.9964964725622,281.13556836549736,300.6958495190895,304.52360278304957,302.8807047655964,301.7179204737989,281.33134927136274,287.56366360235415,302.1908432800735,289.3757363337215,294.13184722511505,292.89303458994885
2112,304.35556562243147,279.55024027940783,300.32710521242757,304.4811072991056,302.65623019290956,301.92478425609124,281.02489643501184,286.7773018829309,302.3832332353725,289.1322046230425,293.75999420505264,292.8679184196108
2113,304.22516752658197,281.3254248449698,300.4279585171617,304.89752177222056,303.47333042295634,302.19777091717333,281.93363559457595,287.78039184962813,302.781112364599,289.1689260023768,294.46083004598574,293.08751840873515
2114,304.33974302665,280.15053776064264,300.47222934482545,304.7143584466023,303.0925964629731,302.0294080782192,281.65461653010954,287.1686574059022,302.4661168240159,289.6583176213686,294.10951497194964,292.91723891787365
2115,304.5498701315253,279.91799003008686,301.04947582163186,304.9881079504992,303.57937291376464,302.10534064913827,281.87005120926807,287.7717508274641,302.7843113873157,289.58895056315816,294.30025602499654,292.9839871892616
2116,304.3100619994966,280.57507679812653,300.65423838439955,304.69032345235934,303.15093259475253,301.91135519428246,282.1099767232181,288.0133417969933,302.95622708168344,289.0832597816166,294.30352560631974,292.97654791148096
2117,304.4257504119886,281.4770212181479,301.07307970783427,304.8582021662605,303.84343927034917,301.8671387675482,281.51371744696775,288.4408542766314,303.3421910128905,289.11755366947614,294.495605223213,293.1216833181691
2118,304.58059555351247,281.5951735795843,301.3219783355287,305.2401206955448,303.9772654648779,302.35450204172145,282.43770947707606,287.44749136149204,302.7104344793757,290.261304077783,294.79057599149655,293.2536974050213
2119,304.8067418164929,280.36214292615057,300.92273842596126,305.6983058213127,304.09656519206885,302.5061032973051,282.0271385503219,287.911007750711,303.2407565706604,289.34492180846235,294.65716483851,293.27087149827486
2120,304.6030947711896,281.51200150589494,301.5383364187893,305.4247024953686,304.60603046165056,302.41880184256365,281.9726164434316,288.48004090073044,303.63155329306375,290.10619557129655,294.9070625414397,293.34781015252037
2121,304.80326046422664,280.81182316632993,300.960887490426,305.5396575737587,303.98221305563,302.8903798408681,282.04914503236756,288.3608328485568,303.4276370338008,289.03064501398995,294.7857566236289,293.4431875904604
2122,305.23923427685054,280.91694351604053,301.3122026296429,305.88393276600175,303.97736748836024,303.14690964651265,282.3093982284178,288.79243079296253,303.95527027477874,289.82526838810276,295.0886322870809,293.7003656202304
2123,304.94166557617154,281.35218959378886,301.63490299237924,305.4550448328946,304.4022455925262,302.76879777352644,281.9882103227146,287.89942183240134,303.72556740473516,290.15149993330084,294.91154048063476,293.5760659599793
2124,305.3981274295236,280.8641799542492,301.7779153142147,306.06683371380853,304.2014512409098,303.11241264528394,282.97478008634874,288.0336138743567,303.3845509234413,289.61846418855305,295.1706452067401,293.7330072616227
2125,304.95772059553445,282.3755678641799,302.14893974470317,306.00838500063736,304.5216447475328,303.07529472471225,282.85831895514644,288.9641120628567,303.85498355570286,290.2207028921659,295.52030199909314,293.77574294018814
2126,305.3313367619456,281.2377474054226,302.00608058407795,305.9685699832671,304.3679465024323,302.86983926492684,282.7495465671721,289.2853178991932,303.9349365709029,290.41313140267994,295.31480036448596,293.70866580751806
2127,305.0728158343671,281.49690268943675,301.9002884876267,305.5484909981802,304.679344825864,302.7927379880241,282.5799828143904,288.6204248132036,303.8596960030825,289.9326968443302,295.14097779473707,293.61750726008734
2128,304.961968861661,281.73312159957607,301.56768128580245,305.58678441096976,303.9078851543142,302.8199486468496,282.41716577736696,288.47330916006285,303.3299499929565,290.6249618233133,295.10994661259843,293.5964886415313
2129,305.22552879601903,282.1656775618775,301.8169642049742,305.5437051016056,303.54087377004686,302.9993662712819,282.4123476322105,288.55322961868137,303.084223866734,290.51503990358464,295.2012082163687,293.74902819914695
2130,305.26768358124235,281.0706280935861,301.66060901513345,305.82765064225754,303.94706872315044,303.08913259991317,282.9478933289044,288.3567018235366,303.3433826160662,290.11894343344346,295.16830008240663,293.7375167385612
2131,305.3382302029041,281.8552837783084,302.31325282309837,306.28861622501154,304.0989635436115,303.18813709194905,282.8154551949353,288.24964393177225,303.74854784172317,290.22234880529936,295.45322453111334,293.8978964553176
2132,305.25889101548984,281.9895495325707,301.76769231765763,305.9412891185063,304.41670352402485,303.08945360114365,283.11038499488217,288.9166461579509,304.2520318731752,290.42612013157327,295.487826410806,293.87515406069906
2133,305.48121349636125,282.42750353738336,302.19893274099763,306.65065410513245,305.2274389634885,303.78563906255636,282.9677941685908,289.07577499039905,304.1019475686096,290.5475068710742,295.88082650709765,294.07436191989154
2134,305.83270141061774,280.9863877029823,302.37062005142803,306.41866580800655,305.0466583747286,303.5788227589559,282.8566956326701,289.039176655743,304.2244843243262,290.12235899107907,295.5448410917597,294.0137569968186
2135,305.54118787804475,281.6521157713507,302.6320999546631,306.6362718228568,304.88717989199966,303.6511130786058,283.0377902783526,289.284700907473,304.3071614460222,290.62590429876866,295.786483399744,294.10758619560147
2136,305.3931990511534,280.87067951781137,302.3366845188201,306.28761558164314,304.9927351227439,303.56040996029805,283.0714728736692,289.25617277751155,304.3513963627653,289.73618287263264,295.5133221307425,293.94981853945376
2137,305.45552340436967,282.3869167800025,302.0230922807414,306.1493238632417,304.9489170350978,303.41128475210013,282.98211180489335,289.0610797666944,304.0415279880619,290.64145556606945,295.6851842688785,294.0996391208695
2138,305.8262616680066,282.12881915457166,302.4709418847534,307.04398942975916,305.07371283128754,303.8762998743608,283.06220302497417,288.5848091141316,304.085975361271,290.46727436835056,295.92767496446913,294.29178454650963
2139,305.85315705477,281.98476027220084,302.55723169743476,307.0610376146572,305.40724195088416,304.169586374306,283.6416950773195,289.15407506193947,304.51180338570055,290.56155296851085,296.13131016438024,294.3851413942668
2140,305.5261750058746,283.01416818647226,302.7076037388252,306.55817269076545,306.04657661062544,303.66715063084416,283.77306403302055,289.77889242372316,304.58642815094424,290.8265518314969,296.21890907525926,294.3157776760233
2141,305.66121715527026,282.3626178398863,302.3488439100965,306.9719543605321,306.0207673734229,303.86122866984886,283.44304809779567,290.5666407269387,304.9329124031562,290.6004238306614,296.2333444093833,294.39084887403055
2142,305.59115255400803,281.82011882681724,302.3522714407707,306.30661285122045,305.05321427268365,303.7563902208296,283.0029887644786,289.5393685803135,303.96634939161623,290.0874417780569,295.72647781048204,294.17508352962847
2143,305.60568073751784,282.1976687597578,302.47514223013394,306.7747193881076,305.41914358812505,303.681673499757,283.5553515432071,289.59086506086413,304.3150307040221,290.46377135916407,296.0247255951105,294.3671472243733
2144,305.9149696580521,281.57658247030986,302.75365829044097,306.88563047488776,305.4577646831915,303.99216785474255,283.31096845490345,289.11844926759227,304.8740491069822,290.71141600258295,295.9798381686536,294.3653149518539
2145,305.8731249653874,281.62390657217026,302.3868083217988,306.6465336345685,305.3901526614014,303.99577314429604,283.3040297994686,289.8229993357514,304.6097381435978,290.1247553058191,295.92979061829834,294.36596276836866
2146,305.61677430895594,283.1220321558055,302.8559380674846,306.9696667702607,306.21368581003,303.89185386664644,283.6997261855044,289.9758815538188,305.1394920232231,290.83139635691265,296.4076690306698,294.4667864862466
2147,305.8677942905309,283.2072940608892,302.8057424532853,307.2049047097936,305.97553532585226,304.05714888272206,284.0327489233008,290.2921727030113,304.79971516501746,290.8306313244032,296.5627193333264,294.63085065604565
2148,306.29989396801034,282.91377794040005,303.23371253890275,307.32826466485363,305.37870947342464,304.42908697682424,284.00257528194686,290.06097752104546,304.6120412246733,291.37313314811104,296.6115816956825,294.79772973512706
2149,305.98860729121117,282.1979957542351,303.243582082918,307.1591305637266,305.2915580401656,304.3689059255485,284.38366687635323,289.8140711203796,304.88359638380064,291.4383928010854,296.48639373032694,294.7266252315101
2150,306.17197276590383,282.49315077235246,303.02538842791006,307.6400462331925,306.3209265940945,304.5592026438987,284.56988424086705,290.8022208520625,305.45339427272535,291.3315683033218,296.8326279099482,294.90018681623854
2151,306.5525979784763,282.83593514749464,303.48568036753477,307.8206166809658,306.28400140609347,304.74467025974405,284.2338764973804,290.28240812556794,305.36207387086927,291.3027739942641,296.8973124549782,294.93942531457526
2152,306.11251380744443,282.5131657915151,303.0486076494734,307.05039286624816,305.66879330148765,304.6359607888875,284.35278911433676,289.7208293823684,304.876808081377,290.9040677822669,296.52494587744843,294.769065198082
2153,306.3869061287375,283.233746045044,303.5890249841935,307.7280425253616,306.79249759244436,304.80913218068395,283.9810271608545,290.5363942048468,305.3720234442691,290.9401691042335,296.93683758450175,294.97236834077097
2154,306.5322796666423,283.3418594740745,303.59960515988536,307.6250567802127,306.1317468912516,304.6731586702442,284.0748963384135,290.5460556230627,305.6137172370087,291.9166002903897,296.958640092204,295.03141656818156
2155,306.49529941957627,283.54585978043804,303.6300097380285,307.70515731406346,306.4641896604898,304.79659616361295,284.25816387915995,290.8770280517102,305.5231754087768,291.0890549669066,297.05901347033245,295.06629125542577
2156,306.75455650553664,283.1955070627428,304.07927639601536,307.9218302524767,306.5915128013016,304.8899400100755,283.901205731492,291.1486396802653,305.91691306516987,291.5479253181969,297.1081883261805,295.1616383675423
2157,306.5835242709433,284.0076834041397,303.937716541958,307.95487809882263,306.822982637555,304.78110327542345,284.46968256231264,290.8472811331014,305.5225181309584,291.8041808556917,297.2861427299698,295.2118252164029
2158,306.4258053312855,283.3717821202186,303.60527742412785,307.3373229943882,307.2667574694649,304.48302091465695,285.04599813383436,290.65482214779973,305.5369587188829,291.31996869977854,297.0439952128624,295.0648798339277
2159,306.55894746404374,283.62117775744736,303.40560478879223,307.73506221786585,306.7548769052651,304.8881504551657,284.45527424468725,290.7156755565612,305.3823400678949,291.7570302231225,297.133159877936,295.24396330978215
2160,306.5163583097301,284.3090289411595,303.5444318154695,308.05569984955486,307.3278244951018,304.99607281314076,285.0282576990869,291.3068426788234,306.07240751222423,291.6242067769309,297.5225812929961,295.3687649740483
2161,306.7382687367665,283.3913187160366,303.565418651337,308.05179131890384,306.7762566847149,304.82233344771544,284.5691468353038,290.2776865712561,305.26068519696463,291.95243788013505,297.15936481851054,295.25008962282044
2162,306.8177347698211,284.13932031148715,303.9220716369563,308.10863719150325,306.651673029146,305.0523454142355,284.7899818561727,291.08359106633424,305.63850340192243,292.34399096662105,297.4828462539167,295.3958459160838
2163,306.94864211140026,283.8451487239783,304.19784326990975,307.7837156624024,306.4902738964731,305.0656550481994,285.27957045536607,291.0945006276308,305.6469875483477,292.17271279620627,297.451300515486,295.3718267672215
2164,306.75753860868804,284.2774950803674,303.9175924362752,307.56026968447344,306.52308207101726,305.0530523803013,284.7861429011172,291.3234782108189,305.36578998072173,292.652053426976,297.39798190806306,295.4129073926164
2165,307.34196761588123,283.2266371972303,303.96253721596185,308.70384263284416,307.57580215910974,305.615136899692,285.48727811740383,290.9986827196711,305.85809110388186,291.7347165060502,297.69571368880963,295.68700097899944
2166,307.0543495576103,284.3725379919953,304.33254679687894,308.6998267517946,307.72639965108027,305.69775985476963,285.1358104275446,291.55095657910687,306.30887184858005,292.58611646631437,297.95679772240794,295.6740814635148
2167,306.96081615364017,284.2465121970749,304.0911721146637,307.9802772498871,307.00691339254246,305.08977284903693,285.24019255873367,290.9146247202822,305.779315293564,292.01391178717324,297.55482669226876,295.5168669855575
2168,306.9796922502324,283.6408489673372,303.8403152054566,308.20903391803733,306.81506585968106,305.35306518589,285.14846464185916,290.8872413259576,305.5361834457601,292.10650205526775,297.5033721387755,295.54512381972177
2169,307.0860867294138,284.70272476819844,304.67479546881555,308.47865641260455,307.0700766138217,305.54392537600444,285.63806433737363,292.24207388420143,306.2847837343953,291.8798934163772,298.0401713634816,295.7903081996932
2170,307.22496098563533,284.3036149935203,304.21303753120424,308.4550027677861,307.22422192807113,305.60854590364954,285.76842807351056,291.2295667482593,306.0310396312746,292.3246317275857,297.9081531255069,295.76749630153313
2171,307.17018183538863,285.01256192581695,304.15182368361513,308.6714997364537,307.72927059507816,306.1368507517812,285.5586179697977,291.8543973730238,306.10564709306027,292.8080015134113,298.2091959293552,295.8990937669464
2172,307.2715806109168,284.4810182928231,304.254419284578,308.80265871385853,307.76351014378724,305.7186586969523,285.6196241870742,292.2337684403106,306.5346299847632,292.41007064723516,298.1396002715938,295.8277628120558
2173,307.02626638359925,283.8883624037351,304.1402264883475,308.4900672902196,307.9403227576862,305.51370583797444,285.2283223567984,291.7914200630914,306.5633726106995,291.6632662695671,297.8021063195847,295.65881751152114
2174,307.27360079717505,283.51854335506556,304.89041073227577,308.53497198867296,307.422717424917,305.62681675690624,285.87576047776486,291.7436049537476,306.02159482877835,291.4853318927445,297.87541300984265,295.7630252650432
2175,307.44076319572355,284.6798720949784,304.58915700824093,308.8916990952471,307.2348342378664,306.0047477429754,285.6383697910013,291.4625171570126,306.0999927114405,292.90688542608336,298.1863178016,295.92987942351994
2176,307.34534532794765,284.6205707983509,304.33796492803884,308.89402205228447,307.7971877971671,305.9886277059741,285.4739569513265,291.5837204555889,306.3436651898784,293.4534050345991,298.19434080873583,295.9782558054677
2177,307.4108465144278,284.20001085742325,304.92200627134,308.9557583480399,307.2807592911286,306.30325224951605,285.6636108261081,291.535104473966,306.48705514049715,292.30936375386483,298.1879220890136,296.0012240397633
2178,307.42018810390755,284.94146965699395,305.1575404661883,309.05195893881137,307.57098691982225,306.1740928008768,285.98351649700635,291.7304205135034,306.23457492544867,293.11736351880097,298.4293656338835,296.15338165329655
2179,307.34928467188655,284.5304847015601,304.8601789022018,308.9746502991798,307.8523197774857,305.9657928290227,286.08826254302477,292.29936489321375,306.69255136111616,292.83028497125053,298.37174133313596,296.1035745135507
2180,307.7220340702129,284.45683823013786,304.62281013624533,309.1417873156151,307.55703812629116,306.2989576128404,286.03882487945697,291.2464725178768,306.1454197546292,293.3893472806736,298.3439125795882,296.19250419370485
2181,307.84584016447144,284.44516629252405,305.1192525195327,309.42560115018387,308.27237258685835,306.2848705799056,285.64974458346586,292.2923205356279,306.7419780762197,292.5515011285291,298.4779123142408,296.2077921433386
2182,307.24821500977896,285.16839496903555,304.6317311877983,308.82236150262383,307.9701284078476,305.83967877884265,286.0317198802336,292.0104901344287,306.61116374332585,292.4994931319193,298.35833561455695,296.13360537392293
2183,307.81359519917464,284.20030871581065,304.8535521373752,309.26376680991325,307.6838544710874,306.40175029208484,285.655547339933,292.29473274301546,306.4717507680352,292.65410434549517,298.37474147108816,296.23651732306786
2184,307.64971987532965,284.91224049727407,305.1656385920243,309.2865019712094,308.566354248836,306.20816154690027,285.7431129361586,292.7876415806105,307.39298164203916,292.4256757952606,298.59313704137145,296.2554190646846
2185,307.4134950534048,284.77554780675763,304.6417557952686,308.8996055995111,307.8515505471318,305.98509538595164,285.9640936569148,291.92728790892636,306.5722421433611,292.10267033587036,298.2996005531468,296.12944001196234
2186,307.60893732712,285.0194769512937,305.1669438875694,309.1424576916831,307.9275802758915,306.07496238029336,285.9182150447816,292.08393422310564,306.7849271874012,292.5119643508938,298.48190963679855,296.2972048364326
2187,307.68257978549485,284.6260390446974,304.6612505629861,309.1904050052528,308.2097642516322,306.18155277094803,286.1977355269361,292.0568458162183,306.88783122574006,292.5813487583885,298.4758344001916,296.2853051912471
2188,307.7133496890437,285.00738479848735,304.82500947091535,309.0827093161204,308.03188361163103,306.4403807107319,285.9678650411931,292.46603448810976,306.86972136910646,292.27607634170573,298.54163511649347,296.3258030874858
2189,307.36283834272325,284.9882494180975,304.7409703236449,309.2597940056054,308.24684774178803,306.4420913919594,286.168149446385,292.0120691172947,306.6683155402603,292.53710029718206,298.56603501845177,296.2869679086307
2190,307.86736874983296,285.1426639631314,305.5741111127386,309.80437074389664,308.1161261881904,306.9711690802586,286.16335135143544,292.45171242706925,306.71081497581974,293.0654477765228,298.91992094049607,296.590927061656
2191,307.57124545685315,285.5535997806445,305.27923913582885,309.3223631513089,308.6114132347135,306.4334717983283,286.4669186291601,293.2086980238371,307.35787683147265,293.56019917234966,298.9437719649215,296.5589621763033
2192,307.7757508370306,284.8013059674594,305.13382468754236,308.90799450508365,308.15501768619936,306.46265494166977,286.20978387396474,291.97207114850363,307.1075740017335,292.9193461542987,298.53275354728635,296.4179278676715
2193,308.0211738348087,285.2843789757806,305.33657164430105,309.79352349828025,308.32096854638087,306.49564053370966,285.7366955114556,292.57746935764953,307.2142474911739,293.1393997544188,298.8319363559708,296.57293302953093
2194,307.7942069141189,285.2771187767069,305.0381515799864,309.4301440306104,308.26076419880707,306.6106985492172,286.3027080274095,292.94220214550313,307.32820301688827,293.0894399000789,298.8598040967698,296.54115121855267
2195,307.8995033375892,286.33552147842914,305.36668980520693,309.5953222618613,309.29380437959986,306.77463459093264,285.7627202245584,293.0730747996715,307.4255723992841,293.5750650996867,299.10868896512386,296.6681840818533
2196,308.1052786265314,284.83343034388855,305.47551619835264,309.85283792188216,308.46872105531094,306.8281062692548,286.2847839351948,291.9637893973764,307.06611102390525,293.4615183465007,298.8839830360464,296.6343885177683
2197,308.0662885277307,285.1347350372691,305.7159923316314,309.843670540554,308.8958948577641,306.83378587143653,286.5738784524346,293.1776812423841,307.5139484748487,293.51533181104605,299.12803644817444,296.77268017288907
2198,308.24530148579805,285.8311712049632,305.57047442679567,310.1123378562398,308.8900201950776,307.05401680296694,286.1698821915546,293.0693654589628,307.62957017029066,293.0249433812621,299.2425370554357,296.8500701878816
2199,308.0800150756306,286.00242684710975,305.26693083680857,310.2693765673865,309.1780407231558,307.42059761524246,286.9970354098634,292.855292079021,307.22087098340455,294.0374246443832,299.4894481081434,296.99054706705385
2200,308.45453568163964,285.98039493777054,305.75155924242915,310.3599318124865,309.3336972213435,307.40246949132677,286.5161830925925,292.74754929677783,307.38827984117523,294.2898683416923,299.4856769623406,297.01237424504797
2201,308.2862117981973,285.9110097033593,305.56342162916945,309.9710331071218,309.13933009383544,307.18623286852875,286.97597475047354,293.1137559973156,307.3801283399802,293.41654418261885,299.39376879330945,296.9617662721312
2202,308.64519002222363,285.5717814391099,306.05897475812475,310.131247596872,308.93652862992593,307.22692921619193,286.5640365590121,293.46678296021366,307.44182333170744,293.7905960216979,299.39988095502144,296.97130337341
2203,308.58730179748505,285.9844346274489,305.5033236071687,310.2262368538349,308.9724652259518,307.191723874526,287.09205136192827,293.2509603668038,307.4095794152301,293.9341373881368,299.51819260422866,297.0317739331716
2204,307.9766117849534,286.15057448260353,305.6639030740632,310.2397620194563,309.42408278387387,307.044129052301,287.23426979215117,292.88113508968723,307.3225935256072,294.1839585722392,299.5296929106855,297.0184253290216
2205,308.4563114994422,286.0663166613583,305.5649190646547,310.1976580699671,308.7457722182475,307.093616980371,286.90406093372604,293.5323564753849,307.50399704019804,293.64168522182035,299.484898474754,297.05456369529907
2206,308.2836214294094,286.37314651587116,306.0522560803345,310.31478019103014,309.69451781250234,307.3111505908744,287.11698237267245,293.2483729605808,307.9186512596074,293.30809976353333,299.66571264683296,297.08950129142954
2207,308.23887209445996,286.43170668199446,305.77280568522434,309.83896090598296,309.33895877538896,306.9746993409126,287.0970629399576,293.3746587759985,307.52535908331055,293.38703703473766,299.48078173789946,297.02945653234866
2208,308.1409585626547,285.3442334660929,305.58669607547375,309.74858820067794,308.7959221985104,306.96183904710006,286.76843189740305,292.8198848236314,307.4869643945081,293.23030304337476,299.1387851726549,296.90623275389146
2209,308.6080107780225,286.5537294675808,305.9629216064303,310.4355198238848,309.2924267670406,307.465610125704,286.951495192491,293.3402955239965,307.69444504517367,294.0724618518041,299.74319026803283,297.1936242725235
2210,308.5778048180388,285.6789352666907,306.59468004600666,310.17522824716,309.05488642451576,307.45557595465266,287.60426534104073,293.2935250341738,307.69726740026744,293.7538243137711,299.65553471199536,297.1839861221738
2211,308.4090790286286,286.4041301498325,305.74509682262055,310.4453164787651,309.3971475704865,307.2335050598578,287.4567832479859,293.5370922788594,307.7662263791021,293.8541565248546,299.7581652146747,297.1506335540361
2212,307.9420393447092,286.49185601009054,306.33453213663,309.90164854870835,308.9225482223921,306.97760410525746,287.18999008682226,293.4084737263663,307.60950785770893,293.6385541739091,299.54456689050534,297.04416090207195
2213,308.35440353014764,285.9123276448523,306.02495918536624,310.3145817100902,309.4724825807225,307.21615996907894,287.0988782768763,293.107445621028,307.76853562552134,294.3623730082607,299.59427819026496,297.15497250717664
2214,308.85709077120595,286.24096994598443,305.9923503177624,310.9042466128799,309.3975125242043,307.78392873057254,286.9924408601508,292.82236042183183,308.2023327226242,294.40037855923805,299.8574798885445,297.36157228150256
2215,308.9706252516203,285.96403153863383,306.5045586372989,311.328302323817,309.67392148406475,308.3131617937864,286.94074050883165,293.6587003265016,308.1966109061595,294.3615546125075,300.0944636285531,297.52104344074144
2216,308.71958949375284,286.61819655994555,306.23959396183784,310.68019480078374,310.23689395585455,307.85903538762545,287.2535463968137,293.8731382152978,308.2071906180044,294.7108813683172,300.0656227899609,297.47193177177684
2217,308.46820410717976,286.69449391252124,306.1227129453426,310.73399337503156,309.77356627743376,307.73051974946077,287.74987946102027,293.18734006601443,308.0020851412587,294.35655019512,300.03408301858997,297.4199107129841
2218,309.1338555620461,286.06831488367334,306.1707704822822,311.35464531967637,309.67614893092633,307.8235425315778,286.86638623466484,293.4766777313187,308.13517210490534,294.0370671091553,299.9845291729384,297.5521373356721
2219,309.05911547681035,286.3067078356954,306.2077957744787,311.0060068338169,309.7985859772022,308.0856305191691,287.5697468164881,293.67599365002127,308.20423580082144,294.2009067499691,300.1272957832252,297.5800854179414
2220,308.67164916738716,286.1130437424713,306.5543308599446,310.5941798378812,309.85178838408535,307.44889417203797,287.26012688495155,293.5775201441193,307.9886740267336,294.0819037039735,299.84512846832445,297.38587880853805
2221,308.48093469759425,286.48875473221,306.0145597828928,310.4624094183361,309.3739320963515,307.77186189244014,287.27750719059776,293.45970460445074,308.1372941714704,294.1784890829062,299.86981179356326,297.4086142282915
2222,308.8506624957445,286.6719756739105,306.7431474408056,311.013043746264,309.5585954599987,307.6543619217615,287.33700541095885,293.5424513064908,307.9454635619509,295.1519820293985,300.12266854250396,297.55277825123267
2223,308.74384644222033,287.52209822472514,306.7745934480113,311.2933181276906,310.4615969478462,307.967465709743,287.8018059540713,293.9944975112868,308.41082790532545,295.14874560734125,300.5329745116782,297.6849012150714
2224,308.8650198252429,286.59151641242374,306.6240645685445,310.9352974744945,309.561247451851,307.5557121976483,288.0935722400243,293.608843724849,308.08446019955784,294.4577045986504,300.1704485274128,297.60540250735414
2225,308.82716198521956,286.578274929352,306.1561422918276,310.7664159790745,310.0458246959326,307.60510184261256,287.7940647476622,293.8307702949391,308.3248908377493,294.38361023747757,300.10315939061036,297.5735511993189
2226,308.58913408206314,287.59792600617214,306.65068026143643,310.8079439321564,310.0742182039801,308.00052683618037,287.51564152158744,293.8491884356861,308.01396368540367,294.7256685168311,300.3226671489865,297.6673307025636
2227,308.93292585511375,287.7091435295218,306.90902890319694,311.5290174123108,310.3736716102936,308.15662238678186,287.2311515894509,294.2473995100766,308.1370696585351,294.7207817180548,300.5589051189686,297.800706054326
2228,308.8947909268351,286.51294300690176,306.76172002481064,311.1740984607269,310.14668163281635,308.3394756353793,287.8300333087271,293.8144550102391,308.3992199621021,294.2523415066512,300.34129333971725,297.75512181659684
2229,308.8596120667675,287.1207464906162,306.9572049861845,310.9960501251479,309.9542070741098,307.94802477168304,288.2047593305139,294.16875129751423,308.71934711682775,294.6704759393312,300.4632518687796,297.7684314916193
2230,309.0593914547498,286.6538133930706,306.71681700825104,311.128271887937,309.74572308624914,307.99890641953056,288.03635513823036,294.14246902693264,308.6238855152541,294.20650408278436,300.356302933172,297.77197105769795
2231,309.20951565679655,286.7231946878014,306.5188307411848,311.5306428061149,309.60942118830366,308.3031711261964,288.15193997313946,294.04008684561705,308.5402724503657,294.7716460198476,300.5233508889856,297.93533398059594
2232,309.3678126793753,286.7203685417261,306.9075736621602,311.7457590005257,310.63724639678725,308.45370578902117,288.23187405556007,294.7881497073947,309.12579080193217,294.7310383180028,300.7589394118848,298.0774306554134
2233,308.71995629516425,286.99320799560667,306.30499505511176,311.30464325747283,310.82789793512944,308.35640983190945,288.4470479195935,294.4462708426469,308.67076601514015,294.7265669433686,300.6238620875784,297.97316809542986
2234,309.4279793610403,286.63729120689624,306.5794291136293,311.6108502790856,310.47386830477484,308.4245942186781,287.7901792116128,294.24185338189557,308.6110900517868,294.7750676857024,300.55346304109776,298.0277337877266
2235,309.3814205785836,287.28062436284193,306.91274049213496,311.8842751918325,310.41913744068904,308.2527900779532,287.92121858924884,294.0138207321288,308.68580821894744,295.4174174823551,300.7426072214079,298.12997234427746
2236,309.4044890822009,286.93703677541856,307.0607679416653,311.2657530758895,309.94202725490896,308.3417837077684,287.5735737309938,294.10555128147104,308.7554504830757,294.5871406730571,300.47261586881933,297.93784926382784
2237,309.0032982597429,286.97722102202505,306.8738518075887,311.1843702102643,310.2870347458573,308.2058525249807,288.37356175542806,293.66547583046946,308.62153422381215,294.44388528221594,300.50547797672556,297.87474270789914
2238,308.86672927778955,287.3780278473084,307.15325904366495,310.6899121976893,309.78417968684545,308.03361064026444,288.3190541916143,294.2271914581543,308.16848047130316,294.9993435649392,300.47230627872966,297.8240505395073
2239,309.24578101151604,287.24809590630286,306.3821222185928,311.68537929262317,310.48805866210506,308.3634466069288,288.1002717091578,294.5905518272225,308.81082992885223,295.8278356609716,300.7734055285669,298.0403680185469
2240,309.37226342497934,286.97017217449735,306.94331209522306,311.70219661719983,309.98875378122847,308.37102734089586,288.1086789290901,294.17402454103245,308.39628866556376,295.4219219903634,300.6867064862138,298.08189846983856
2241,309.2938640865,286.64284620081753,307.1465956374713,311.51131176324105,309.9719983820355,308.38849550694727,288.2179524294299,293.8122487854613,308.2415755839262,295.27183976197335,300.577188467051,298.04539845208456
2242,309.239802831022,287.91664339126606,306.9901697534181,311.85440715689305,310.2687771192791,308.49496691527094,288.10189785223616,294.3047780340336,308.4436621393631,294.82057724821925,300.88795118134124,298.1799535875714
2243,309.14816629712607,287.1622245343022,307.0678539073389,311.4432155881416,310.09036177992044,308.2056453141854,288.3047209705213,293.72001970010024,308.4014545876005,295.27618141967065,300.6250934416586,298.0856054543567
2244,309.41824792977354,287.3946196202079,307.0015277449089,311.5694800346563,310.72715738016825,308.912445497338,288.5775126058037,294.1453873621808,308.63672566746527,295.2996305494645,300.9180777020931,298.21101150259466
2245,309.38975121018535,288.62342716220087,307.39668020882084,311.8655052266418,310.3515963404607,308.70624531222694,288.33414608862836,294.52294416976736,308.80315119860705,295.48885186989065,301.16950016508605,298.3289903521786
2246,309.4043054985961,287.4127391555172,307.7445028418024,311.7389960757937,310.47904719968716,308.70746884438404,288.36170697925365,294.2488420570134,309.11874431669906,295.22647157027853,300.9531777118399,298.2611553381972
2247,309.3641703344153,286.30810627413086,307.2914798739835,311.25842036513933,310.1693313742693,308.2254943974187,288.023033273923,293.5484423480082,308.8121426621715,294.90015261508034,300.4128000028406,298.0615043675414
2248,309.306690461314,287.19666142487887,307.55592128942317,311.69001556323394,310.9024280797406,308.387832123165,287.8715302866724,293.79396361066387,308.8229501776388,295.16932721722486,300.73007051098375,298.20438816975
2249,309.6191689786333,287.15638438827574,307.36241757461806,312.1190000736497,311.10124006117036,308.9316101061807,288.41273539000093,294.2857982070452,309.29686225807274,294.90150766371914,301.04248029110744,298.36237237796075
2250,309.9165040399088,287.0776360630328,307.37764106754935,312.2270894683245,310.6126253932618,309.0507032694181,287.6785029036828,293.92889563172673,308.9546867110412,295.1552014418881,300.91750095903154,298.40461429477
2251,309.51665909546136,287.7025646005144,307.5007707147886,312.3919971051385,310.9214215332256,308.9950540792009,288.21088657348594,294.6334536477585,309.0209993196827,295.5929419592216,301.2169654944031,298.472595710944
2252,309.437750033068,287.5600136961764,307.65123322078085,312.1298813315132,310.9384924760523,309.117809460941,288.69506813433264,295.239866699989,309.1143486046717,295.02054373553915,301.26665562100277,298.5079189908728
2253,309.51973122745227,286.7925437241036,307.42911746842185,311.8757800194448,310.6878579307034,308.772693921181,288.54681906845155,294.5160761463136,309.37249257650006,294.57381000758437,300.9180381450097,298.3675933677258
2254,309.2919970089714,287.6153048986199,307.1841390861409,311.8229271115087,311.2880972727828,308.84308319616065,289.2261993502892,294.86081908229335,309.4125499494863,294.4466007944742,301.18256814702414,298.4154992139104
2255,309.8927846318537,286.62679182150623,307.57901256619544,312.20241966525003,310.8852522081927,309.3682719804939,288.81635783408547,294.3210991984424,309.3781115119668,294.8098614531702,301.1227315311232,298.5132564615341
2256,309.8123688483521,287.386329941581,307.6681947844668,312.28184854779266,311.37843459288337,309.0206540208704,288.11389891676134,295.2412495754987,309.6789267525846,294.9841887069349,301.2172549524517,298.55945283560567
2257,309.63849352177704,287.01853068707675,308.0346011584951,312.2561273151702,310.5305390221038,309.27459671814455,288.5134023928932,293.99266589584056,308.92423191818506,295.68779231234004,301.13542878277656,298.54565165160443
2258,310.02960098270125,287.0166019071358,307.605963836847,312.21645302083135,310.82778734372386,309.0367318636195,288.24434743909325,294.6225770591931,309.71986374086094,295.0399937061987,301.10084311474316,298.5523492603511
2259,309.60276473977075,287.1402680640489,307.25896040963335,312.19305784494014,311.19067427926706,308.4927716685086,288.8918386561833,295.2035967941778,309.4465177897939,295.5313112078013,301.171304208127,298.4735810916616
2260,310.19562775073973,286.41281440511415,307.7975957934594,312.2785825713066,310.82909462624895,309.33164712622676,288.2808023842221,294.77004187534084,309.56495245907405,294.8979402083231,301.0856310966167,298.50119381895854
2261,309.49879285293775,288.2465268535567,307.024328504546,312.24299227684884,311.04801297833524,308.82679771852804,288.1616549962377,294.6074846395132,309.23732623813663,295.60318598169505,301.2197367532017,298.5983250568119
2262,309.80767573701814,287.86883978529363,307.8216243465211,312.6068816920163,311.62733841291924,309.1979233906265,288.7793071664237,295.13925823172127,309.31662439869183,295.3296376777565,301.5127837982128,298.7128900413165
2263,309.87827081193507,287.81072508729073,307.713577952891,312.21702670398446,311.41061008397924,308.99820969736,288.36765821117257,295.1258772270232,309.38629472148966,294.718416336272,301.2828787531314,298.646852128194
2264,309.8535207820961,287.335126522334,307.8526284128771,312.23823694550657,310.93661562760553,309.1162820799751,288.4943867871178,294.7393587446436,309.03454360426093,294.967214115612,301.20310834370935,298.5815355244918
2265,309.4319631197296,286.54864728942766,308.08046528355305,311.6713541126137,311.0030523767613,308.881985272229,288.66325063450705,294.4322233948099,309.4183613207896,295.00269636553145,300.9305628390153,298.42335741199497
2266,309.9097594700293,287.26095285115815,307.4906919509822,312.70220704595744,311.10240779491664,309.54677942472074,288.6159686427532,294.6601349764439,309.3274798230567,295.5176840584085,301.3941590992269,298.697612204446
2267,310.13216643405633,288.28362378781094,308.11481807592105,312.6808918077822,311.65499989833114,309.72491916346,288.86671162312297,294.629639686395,309.7320552827539,296.2737867564101,301.7368830929179,298.8915831022095
2268,309.85189904460196,288.04595013696843,307.4445813245953,312.17673107645516,311.28183330322486,309.6654591421917,288.98965636099706,294.7884333818079,309.63055056407677,295.51078944537306,301.50541349527043,298.75297686804447
2269,309.77875161587355,287.5418029190051,307.8825545364607,311.9825472454636,311.07310367497104,308.9346643447621,289.18633858333664,295.03212326313496,309.32894585271754,295.7740462826218,301.3363767001656,298.65858039201765
2270,309.9684167942126,287.1927905134713,307.54491270120167,312.57327533133986,311.79814800667594,309.2893699334275,288.80398629247094,295.46674992701503,309.688056506493,294.80320874688124,301.42665952766845,298.7560574776856
2271,310.1352384070396,288.1597866707723,308.0306256481327,312.8195303043272,311.4008452021966,309.6569117856299,289.0737190269014,295.3438701263735,309.6771537916243,296.0726690000119,301.80391550355125,298.9413833265157
2272,309.51908014786676,288.2672781946482,307.9604195605878,312.6582420909237,311.24773259659696,309.16455461901415,288.86125489489166,294.6226939533144,309.0964146181349,295.5702772076752,301.53943861347716,298.77196541300424
2273,310.1235925148494,287.47866539514325,307.8617924122182,312.90567550221607,311.31178080251715,309.54454295179283,288.89565787868344,294.88127190410233,309.62748461016616,295.2088294336788,301.5743519628435,298.85434663062557
2274,309.7686752602888,288.124108661919,308.04078731293646,312.54971883467056,311.386285373598,309.34299358213445,288.6372731619361,294.9896525687559,309.3374891468969,296.06583415718524,301.5646152180227,298.81578588386355
2275,309.95832727497054,287.62576904403767,307.8577745177212,313.05336184418405,311.52945985677917,309.0651282027525,288.16732586889134,295.1609285125333,309.5853338188789,295.7057172696181,301.48836616712754,298.8314962497182
2276,309.99873662855777,287.8921654360049,307.66106002812336,312.7225024653046,311.75405393452365,309.55569937061256,288.9523989638457,295.31170235168656,309.8108952095039,295.5923368706482,301.67088353167554,298.8797193847997
2277,309.8745726251767,288.505829818559,307.688489525758,312.4709802260421,311.6053975404896,309.3109727029964,288.5758265539714,294.9455220498761,309.5267616566594,295.75822423714277,301.5750231193088,298.8249883663466
2278,309.7611605828529,288.20826186398557,307.81386674735427,312.24403883628327,311.2996769556452,309.1657775571453,289.0951402864106,295.62962439288935,309.51014177160636,295.9702599101531,301.59330654372,298.7934169460306
2279,309.41095411898556,288.33232964377436,307.74161318245535,312.1666751750507,311.26705994261573,308.95395316488856,289.42540156657645,294.96686071303833,309.5821259803215,294.8735593008081,301.4968208285831,298.69034605264534
2280,309.63753594836027,287.1986568538812,308.2830513543781,312.1247131303986,311.4864205459604,308.9987134304338,289.55848488052237,295.03300119532935,309.71311174177816,295.1021015561763,301.4016631482993,298.660483653163
2281,309.59022843835874,287.23687243140535,307.50444161909417,312.3106265866207,310.9828509131084,309.2508762732102,288.64390279452505,294.93570466332477,309.5723397850246,294.7473180091575,301.24480581524483,298.67363765986426
2282,309.80488594071676,288.25088387043155,308.28333022326194,312.66737985083296,311.35156849824756,309.2386539037689,288.85061045437897,295.0195561207133,309.50388940723883,296.0949279358409,301.65449878943286,298.89639226469
2283,309.7156890015123,288.45409331722453,308.28912213785406,312.20776386108605,311.35860333758137,309.23701328144637,289.041380594446,294.74638215786126,309.25400788498894,295.72131587340994,301.5635515426975,298.8443846129612
2284,309.7373419336352,287.66865834886477,307.7918543565675,312.2670386489962,311.34882909827434,309.2075368619125,288.6879024788939,294.9652450298679,309.3836593484529,295.20485909871155,301.35853954970185,298.7536758375253
2285,309.65377219115885,288.36513141062795,307.7645770092646,312.88889530097845,311.78841945814924,309.6044982816077,289.3251432876662,294.90070744873293,309.4559330663927,295.493059340213,301.79450695565424,298.97491351930944
2286,310.0806577123995,287.4576687585974,307.8070931664535,312.5703704009483,311.60885158637944,309.26224951451684,289.16419439417973,295.43158602021026,309.90477432508277,295.5084965305074,301.57118826259904,298.93372429588794
2287,309.66389712424984,287.93386135347436,307.93194472943384,312.29239554562656,310.6789492833581,309.15214022458974,289.31874866638594,294.58531129012846,309.04449207089203,295.5767928700618,301.4507073258177,298.80787002755625
2288,310.0780064592839,288.30925692502376,308.2486355687787,313.02393855152474,311.29787849793,309.83492348236564,288.7243504820476,295.056017813782,309.2038199529799,295.95122289157507,301.8062564247732,299.02962803686637
2289,310.15396863648044,287.89424288664156,308.58283192094177,313.10666294537737,312.1629377786821,309.92035134740826,289.2743614602449,295.39581396043764,309.91184677091235,295.74344029352926,301.9600222668164,299.13057727975485
2290,310.1595231795171,287.4837000347016,308.10578009979787,312.2932245128722,311.4901859969223,309.6909341683829,289.3663912652768,295.0852377307613,309.7168198451555,295.37609966635046,301.5860963143239,298.910647431486
2291,309.9609481242298,288.3335659487629,308.1783628793586,312.68768349367804,310.944542928972,309.34533221679493,288.96488295666757,294.9824615679453,309.56151341408076,296.92925401491027,301.7259775218219,299.02592525500035
2292,310.1403739998046,287.226826422394,308.3468545736902,312.7066636345145,311.80660182995814,309.6436144735841,289.49350167720166,295.510672023244,309.9903659535214,295.2309445502065,301.7155054091523,299.0157158441525
2293,310.02309552766604,287.401709529765,308.656131498567,312.7006029833881,311.33323038033666,309.4340766923577,289.21818559856945,294.82730680355036,309.51408551911044,295.3122717932388,301.5923626139545,298.93646242234496
2294,310.0522193850879,288.01087341147604,308.3710479769105,312.9440675847211,311.5858151988667,309.5734888661794,288.8206347884031,295.87055050639697,310.0587432792755,295.42208714386675,301.8098184686372,299.02740326474463
2295,310.1662375250522,287.9143578377651,308.45869869084646,312.90272518207576,311.53415718223044,310.12539911079944,288.9301748597217,294.61816319594664,309.5010763452482,296.28187055874906,301.8062695180442,299.0775398454982
2296,310.1137874899306,287.71035670806367,307.7189291223284,312.9040430644772,311.4441322232155,309.78255346760477,289.2770571109033,295.3304381596453,309.87437252323497,295.27192625894514,301.75375739817815,299.12855732106726
2297,310.211707961715,287.16182492210936,308.1272237224776,313.0530077378408,311.7854189220782,310.2620073252269,288.6104696271443,294.7325853671108,310.0816456819914,295.49926493497196,301.6755235116041,299.1138505903042
2298,310.30307637210683,287.7610241215177,308.3632405561816,312.9643216405534,311.35251180410233,309.8046641829611,288.93445273532456,294.9653197642219,309.8848502566735,295.5353875498435,301.74969567328986,299.1210330413399
2299,310.1531567589879,288.3325794146138,308.72565192075905,312.67140367725875,311.77272870325953,309.47935327960613,289.21706378629096,295.6233477835854,310.136982137546,295.8098037293485,301.88182918529924,299.08468605553935
